"","gemeente_id","gemeente_district_and_neighborhood","gemeente_municipality","gemeente_type_region","gemeente_code","gemeente_change_in_layout","gemeente_number_of_inhabitants","gemeente_n_Sixty_Five_Years_Or_Older","gemeente_WesternTotal","gemeente_Non_Western_Total","gemeente_Morocco","gemeente_Turkey","gemeente_Population_Density","gemeente_Average_Home_Value","gemeente_Average_Income_Per_Income_Recipient","gemeente_Average_Income_Per_Inhabitant","gemeente_40_Lowest_Income_People","gemeente_20_Persons_With_Highest_Income","gemeente_40_Lowest_Income_Households","gemeente_20_House_holds_With_Highest_Income","gemeente_low_income_households","gemeente_House_hold_Under_Or_Around_Social_Minimum","gemeente_code_four_digits"
"2",1,"GM1680","Aa en Hunze","Gemeente","GM1680",".",25286,6306,1056,528,12,10,"92","223","31.7","26","39.6","19.8","31.8","22.8","5","4.7","1680"
"78",77,"GM0738","Aalburg","Gemeente","GM0738",".",13067,2190,497,262,13,12,"259","245","31.4","23.8","40.7","20.2","29.7","26.3","4.5","4.1","0738"
"101",100,"GM0358","Aalsmeer","Gemeente","GM0358",".",31373,5713,3491,2365,436,114,"1559","294","36.8","29","35","24.9","29.2","31.1","3.9","3.8","0358"
"114",113,"GM0197","Aalten","Gemeente","GM0197",".",27047,5725,2182,971,13,335,"280",".","27.6","22.4","41.9","13.7","34.4","17.1","4.6","4.4","0197"
"148",147,"GM0059","Achtkarspelen","Gemeente","GM0059",".",27893,5202,622,532,12,6,"273","164","25.8","19.9","46","11.6","40.3","13.5","7.2","6.6","0059"
"176",175,"GM0482","Alblasserdam","Gemeente","GM0482",".",20008,3868,1347,1441,169,556,"2276","198","31.2","23.7","40.8","20.2","35.6","22.2","5.8","5.3","0482"
"212",211,"GM0613","Albrandswaard","Gemeente","GM0613",".",25105,4122,1920,3038,252,463,"1155","254","40.2","31","31.9","31.4","25.8","34.1","4.1","3.9","0613"
"246",245,"GM0361","Alkmaar","Gemeente","GM0361",".",108373,19690,10256,13675,1972,2669,"981","189","31.5","25.6","37.2","19.9","39.4","18.6","7.8","6.9","0361"
"324",323,"GM0141","Almelo","Gemeente","GM0141",".",72479,13668,7246,11014,544,5826,"1077","153","27","21.5","46.2","13.6","45.2","13.8","10.7","9.6","0141"
"405",404,"GM0034","Almere","Gemeente","GM0034",".",200914,20843,20838,61132,7871,3572,"1555","187","32.1","24.7","37.1","21.3","34.5","21.4","8.3","7.2","0034"
"478",477,"GM0484","Alphen aan den Rijn","Gemeente","GM0484",".",108915,19619,9597,11326,3169,1074,"861","219","33.7","26.9","35.9","22.5","31.8","24.3","5.3","4.7","0484"
"595",594,"GM1723","Alphen-Chaam","Gemeente","GM1723",".",10058,2147,1160,233,15,5,"108","296","33.2","27.3","37.9","20.8","27.1","30.2","4.2","3.8","1723"
"612",611,"GM0060","Ameland","Gemeente","GM0060",".",3633,817,185,61,7,0,"62","226","27.4","22.5","41.3","13.4","37.7","18.4","4.7","4.5","0060"
"621",620,"GM0307","Amersfoort","Gemeente","GM0307",".",154337,21761,13483,23372,4921,6183,"2459","234","35.4","27.5","34.8","24.8","35.2","24.8","7.3","6.4","0307"
"798",797,"GM0362","Amstelveen","Gemeente","GM0362",".",89294,16962,16919,19747,1372,846,"2167","296","42.7","32.9","33.8","29.8","39.1","26.6","5.9","5.4","0362"
"860",859,"GM0363","Amsterdam","Gemeente","GM0363",".",844947,102535,147614,296073,75758,43168,"5111","290","35.7","28.9","40.3","23.4","52.1","16.7","13.7","13.1","0363"
"1439",1438,"GM0200","Apeldoorn","Gemeente","GM0200",".",160047,32180,12994,13772,875,4248,"471","209","31.6","25.4","39.1","19.6","37.4","19.9","7.1","6.2","0200"
"1551",1550,"GM0003","Appingedam","Gemeente","GM0003",".",11971,2847,879,738,47,264,"503","134","26.8","21.6","45.8","13.3","48.7","11.5","10.2","9.2","0003"
"1559",1558,"GM0202","Arnhem","Gemeente","GM0202",".",155699,22790,17936,30370,3468,8352,"1590","175","30","24","42.7","18.1","51.3","14.3","13.7","11.9","0202"
"1667",1666,"GM0106","Assen","Gemeente","GM0106",".",67551,12693,5375,4783,325,356,"825","165","29.9","23.8","39.8","17.2","40.8","15.5","9","7.4","0106"
"1787",1786,"GM0743","Asten","Gemeente","GM0743",".",16714,3476,1181,564,106,15,"238","267","30.3","24.8","41.1","17.5","34.5","23","5","5","0743"
"1804",1803,"GM0744","Baarle-Nassau","Gemeente","GM0744",".",6657,1761,1539,165,14,11,"87","254","30","25","41.9","17.2","34.6","23.6","5.3","5.3","0744"
"1815",1814,"GM0308","Baarn","Gemeente","GM0308",".",24529,5577,2270,1946,235,459,"754","290","38.5","30.8","35.5","24.8","34.5","25.7","5.8","5.1","0308"
"1842",1841,"GM0489","Barendrecht","Gemeente","GM0489",".",48344,7795,3751,7393,844,1345,"2436","247","38.1","29.2","34.1","29.2","24.6","33.3","3.9","3.7","0489"
"1928",1927,"GM0203","Barneveld","Gemeente","GM0203",".",56376,8975,2255,2417,276,716,"320","269","31.4","23.5","41","20.2","29.5","25.9","4.8","4","0203"
"1986",1985,"GM0005","Bedum","Gemeente","GM0005",".",10479,2163,448,322,9,13,"235","174","28.9","23.1","40","16.8","33.3","17.8","5.1","4.6","0005"
"1996",1995,"GM0888","Beek","Gemeente","GM0888",".",15951,3862,1567,684,187,60,"758","187","31.3","26.4","39.2","19.8","34.6","21.1","5.2","4.8","0888"
"2007",2006,"GM0370","Beemster","Gemeente","GM0370",".",9205,1861,533,329,25,20,"130","304","36.6","29.5","35.2","24.8","27.1","31.9","4.5","4.5","0370"
"2020",2019,"GM0889","Beesel","Gemeente","GM0889",".",13405,2899,1413,699,329,80,"477","186","28.6","23.4","43.1","15.6","36","17.4","4.5","4.5","0889"
"2031",2030,"GM0007","Bellingwedde","Gemeente","GM0007",".",8919,2394,706,267,3,10,"82","163","26.8","22.1","45.3","13.4","39.9","13.6","7.3","6.8","0007"
"2057",2056,"GM1945","Berg en Dal","Gemeente","GM1945",".",34764,8120,3644,1249,47,125,"402","218","30.6","25.4","41.5","17.4","38.5","20.5","6.9","6","1945"
"2112",2111,"GM1724","Bergeijk","Gemeente","GM1724",".",18342,3885,1385,405,11,18,"182","279","31.8","26.2","39.7","19.4","27.9","26.2","4.1","3.8","1724"
"2134",2133,"GM0893","Bergen (L.)","Gemeente","GM0893",".",13095,2893,1683,325,36,3,"127","205","28.4","23.7","42.4","14.5","33.5","19.3","5.1","4.9","0893"
"2158",2157,"GM0373","Bergen (NH.)","Gemeente","GM0373",".",29844,9155,2771,1021,26,29,"307","355","37.8","31.5","39","23.5","31.5","27","4.8","4.8","0373"
"2202",2201,"GM0748","Bergen op Zoom","Gemeente","GM0748",".",66164,13566,6465,9574,3381,3159,"828",".","30.9","25","40.5","19.1","38.6","18.8","7.8","7.2","0748"
"2247",2246,"GM1859","Berkelland","Gemeente","GM1859",".",44238,10314,2222,1202,116,178,"171","202","28.5","23.4","41.5","15.2","33.5","20","4.7","4.6","1859"
"2289",2288,"GM1721","Bernheze","Gemeente","GM1721",".",30253,5952,1703,772,20,118,"337",".","31.7","25.6","39.9","19.6","28.1","28.2","4","3.7","1721"
"2349",2348,"GM0753","Best","Gemeente","GM0753",".",29180,5293,2568,1905,131,590,"851","265","34.6","27.8","37.9","23.1","28.1","27.9","4.6","4.2","0753"
"2368",2367,"GM0209","Beuningen","Gemeente","GM0209",".",25424,4573,1896,1179,63,126,"582","225","32.6","26.5","37.6","20.6","30.8","24.4","5.4","4.8","0209"
"2417",2416,"GM0375","Beverwijk","Gemeente","GM0375",".",40709,7184,4856,5783,460,2182,"2223","183","31","24.9","37.3","19.3","40.6","17.3","7.8","6.9","0375"
"2465",2464,"GM0063","het Bildt","Gemeente","GM0063",".",10493,2146,549,469,8,10,"114","144","25.9","20.7","44.5","12","42","15","7.4","7","0063"
"2485",2484,"GM0310","De Bilt","Gemeente","GM0310",".",42754,10017,4089,3232,947,161,"647","344","42","33.2","34.3","28.4","33.1","30.4","6","5.3","0310"
"2509",2508,"GM0585","Binnenmaas","Gemeente","GM0585",".",29122,6483,1463,1216,42,46,"420","231","35.8","28.6","35.5","25.3","28.5","26.2","3.4","3.3","0585"
"2557",2556,"GM1728","Bladel","Gemeente","GM1728",".",20063,4110,1366,581,23,17,"266","269","30.9","25.3","39.2","18.5","29.9","23.6","4.4","3.9","1728"
"2578",2577,"GM0376","Blaricum","Gemeente","GM0376",".",10201,2670,1145,763,186,55,"915","531","57","44.2","33.3","31.1","26","35.7","5.3","4.9","0376"
"2589",2588,"GM0377","Bloemendaal","Gemeente","GM0377",".",22826,5963,3050,1125,39,69,"575","588","60.7","46.6","33.2","36.4","25","43.6","5.1","4.6","0377"
"2617",2616,"GM1901","Bodegraven-Reeuwijk","Gemeente","GM1901",".",33733,6523,2040,2115,867,59,"446","271","35.8","28.2","37.6","24.2","27.8","29.7","4.2","4.1","1901"
"2664",2663,"GM0755","Boekel","Gemeente","GM0755",".",10414,1856,588,224,17,2,"302","254","29.3","23.6","40.7","17.1","27.6","26.7","4.2","4.1","0755"
"2675",2674,"GM0009","Ten Boer","Gemeente","GM0009",".",7288,1425,304,203,1,10,"161","169","29.6","23.1","38.6","18.3","30.1","19.6","5","4.5","0009"
"2690",2689,"GM1681","Borger-Odoorn","Gemeente","GM1681",".",25355,5948,1004,444,7,11,"92","175","28.5","23.4","42.6","15.4","35.5","17.5","6.1","5.5","1681"
"2751",2750,"GM0147","Borne","Gemeente","GM0147",".",22795,4688,1485,1083,5,328,"877","209","31.4","25","38.7","20.1","32.2","23.1","5","4.5","0147"
"2769",2768,"GM0654","Borsele","Gemeente","GM0654",".",22688,4344,1372,583,22,34,"160","209","30.8","24.5","40","20","31.1","22.1","4.5","4.2","0654"
"2816",2815,"GM0756","Boxmeer","Gemeente","GM0756",".",28709,6072,2035,1493,134,222,"258","240","30.4","25.2","39.9","18.1","31.9","23.4","4.6","4.4","0756"
"2858",2857,"GM0757","Boxtel","Gemeente","GM0757",".",30656,6359,2257,2467,518,332,"481","237","31.2","25.3","39.2","18.9","36.2","21","5.5","4.8","0757"
"2879",2878,"GM0758","Breda","Gemeente","GM0758",".",182304,32178,20354,21734,5587,3035,"1447","235","33.9","27.3","39.3","22.2","42","20.8","8.2","7.4","0758"
"2947",2946,"GM0501","Brielle","Gemeente","GM0501",".",16833,3641,1448,794,19,72,"611",".","37.1","30.2","34.1","28.8","28.5","27.1","4.3","4","0501"
"2967",2966,"GM1876","Bronckhorst","Gemeente","GM1876",".",36410,8848,1453,681,15,82,"128","244","30.4","25","40.9","17.6","31.2","23.4","4.4","4.4","1876"
"3018",3017,"GM0213","Brummen","Gemeente","GM0213",".",20843,4992,1257,1171,39,632,"248","236","30.6","25.3","40.7","18.6","33.1","21.4","5.6","5","0213"
"3064",3063,"GM0899","Brunssum","Gemeente","GM0899",".",28358,6607,5383,1461,424,63,"1648","136","27.1","22.5","41.9","13","44.9","11.6","8.2","7.7","0899"
"3115",3114,"GM0312","Bunnik","Gemeente","GM0312",".",15156,3252,1156,741,82,16,"410","294","38.9","30.7","31.7","29.9","24.3","34.4","3.8","2.9","0312"
"3127",3126,"GM0313","Bunschoten","Gemeente","GM0313",".",21020,3289,1146,999,41,407,"690","262","31.2","24.1","38.9","19.3","26.5","26.9","3.8","3.4","0313"
"3139",3138,"GM0214","Buren","Gemeente","GM0214",".",26348,4943,1457,619,48,22,"197","278","33.6","26.7","38.5","22.7","27.8","27.9","4.3","3.9","0214"
"3186",3185,"GM0502","Capelle aan den IJssel","Gemeente","GM0502",".",66421,12561,7390,15173,973,1063,"4671","178","32.4","25.7","38.6","21.4","40.1","19","8.6","8.3","0502"
"3275",3274,"GM0383","Castricum","Gemeente","GM0383",".",35216,8455,2460,1437,35,81,"711","267","36.5","30","35.6","25.4","26.7","29.3","3.8","3.2","0383"
"3303",3302,"GM0109","Coevorden","Gemeente","GM0109",".",35286,8019,1825,1210,18,148,"119","188","29.2","23.6","43.2","15.9","37.3","17.8","7.3","6.6","0109"
"3381",3380,"GM1706","Cranendonck","Gemeente","GM1706",".",20676,4627,2392,897,62,25,"271","238","31","25.5","39.9","18.8","30.4","23","4.3","4.2","1706"
"3408",3407,"GM0611","Cromstrijen","Gemeente","GM0611",".",12797,2882,567,360,7,10,"235","232","35.9","29","35.9","25.1","27.5","28.3","3.2","3.2","0611"
"3420",3419,"GM1684","Cuijk","Gemeente","GM1684",".",24696,4999,2376,2367,498,916,"483","205","29.3","24","41.4","17","35.3","20","6","5.3","1684"
"3448",3447,"GM0216","Culemborg","Gemeente","GM0216",".",27864,4784,2471,3800,2005,396,"951","216","33.2","26.1","38","22.5","33.9","23.5","6.3","5.3","0216"
"3458",3457,"GM0148","Dalfsen","Gemeente","GM0148",".",28070,5629,891,541,9,9,"170","262","30.7","24.5","39.6","17.6","27.7","24.9","3.8","3.4","0148"
"3498",3497,"GM1891","Dantumadiel","Gemeente","GM1891",".",18942,3947,382,360,5,7,"223","170","25.6","20","46.9","11.7","40.5","15.1","7","7","1891"
"3520",3519,"GM0503","Delft","Gemeente","GM0503",".",101381,15571,14330,19907,1525,2522,"4437","184","29.9","24.6","44.2","19.5","56.4","14.4","10.2","9.1","0503"
"3624",3623,"GM0010","Delfzijl","Gemeente","GM0010",".",24965,5983,1952,2482,26,582,"188","121","27.1","22","45","14.2","44.3","12.5","9.4","8.8","0010"
"3654",3653,"GM0762","Deurne","Gemeente","GM0762",".",31933,6484,1768,1082,167,48,"273","245","29.7","24.3","40.8","17.6","33.6","22","5.3","4.9","0762"
"3677",3676,"GM0150","Deventer","Gemeente","GM0150",".",99295,17111,8840,12489,370,6637,"757","187","30","23.9","40.1","17.9","41.7","17.2","9.1","7.7","0150"
"3761",3760,"GM0384","Diemen","Gemeente","GM0384",".",27272,4288,3962,7676,915,793,"2274","210","32.2","26.1","40","22.4","46.2","20.3","7.9","7.5","0384"
"3790",3789,"GM1774","Dinkelland","Gemeente","GM1774",".",26244,5385,1543,565,2,80,"149","246","29.8","24.3","40.2","16.8","28.3","27.9","3.8","4","1774"
"3848",3847,"GM0221","Doesburg","Gemeente","GM0221",".",11341,2579,1077,1177,15,722,"982","185","28.2","23.2","44.6","15.4","42.5","15.1","8.9","8.3","0221"
"3861",3860,"GM0222","Doetinchem","Gemeente","GM0222",".",57068,11362,4165,3772,132,1573,"722","189","29.4","23.7","41.4","16.7","38.8","17.9","8","6.8","0222"
"3957",3956,"GM0766","Dongen","Gemeente","GM0766",".",25509,5156,1704,1571,46,797,"871","224","31.2","25.5","38.8","19.7","32.1","22.2","4.5","4.2","0766"
"3977",3976,"GM0058","Dongeradeel","Gemeente","GM0058",".",23901,4966,784,595,14,4,"144","146","25.9","20.3","45","11.7","42.4","13.6","7.9","7.3","0058"
"4045",4044,"GM0505","Dordrecht","Gemeente","GM0505",".",118731,21644,13361,21758,2828,6646,"1510","162","31","24.7","40.3","19.4","42.7","17.5","9.4","8.7","0505"
"4188",4187,"GM0498","Drechterland","Gemeente","GM0498",".",19384,3881,1309,612,36,23,"329","229","31.2","25.4","39.1","18.8","29.4","25.5","3.9","3.8","0498"
"4212",4211,"GM1719","Drimmelen","Gemeente","GM1719",".",26869,5665,1607,672,38,43,"281","235","32.6","26.7","38.1","21.7","29","25.9","3.6","3.1","1719"
"4237",4236,"GM0303","Dronten","Gemeente","GM0303",".",40746,6881,3054,3405,442,566,"122","198","30.1","24","40.5","19.1","35.4","20.3","6.3","5.3","0303"
"4287",4286,"GM0225","Druten","Gemeente","GM0225",".",18563,3348,1064,1094,40,531,"492","219","30.9","24.9","39.4","19.3","32.6","23.4","5.5","4.8","0225"
"4310",4309,"GM0226","Duiven","Gemeente","GM0226",".",25398,4345,2088,1395,53,237,"749","202","31.1","25.2","39.2","19.9","31.4","22.8","5.4","5","0226"
"4331",4330,"GM1711","Echt-Susteren","Gemeente","GM1711",".",31815,7549,4289,1143,107,51,"309","192","30.3","25.3","39.8","17.7","35.3","19.7","5.3","4.8","1711"
"4400",4399,"GM0385","Edam-Volendam","Gemeente","GM0385",".",35800,6992,1591,1571,391,48,"659","242","33.6","27","39.1","22.7","26.6","30.5","3.4","3.4","0385"
"4438",4437,"GM0228","Ede","Gemeente","GM0228",".",113421,19905,7962,9386,2495,2086,"356","234","31.5","24.6","39.5","20","34.6","21.9","6","5","0228"
"4527",4526,"GM0317","Eemnes","Gemeente","GM0317",".",8999,1761,693,468,27,25,"290","290","36","28.7","35.2","24.6","25.7","29.2","4.1","4.1","0317"
"4539",4538,"GM1651","Eemsmond","Gemeente","GM1651",".",15656,3465,642,477,5,26,"83","144","25.9","20.7","46.5","12.3","46.1","12.2","9.1","8.3","1651"
"4572",4571,"GM0770","Eersel","Gemeente","GM0770",".",18554,3942,1116,489,3,15,"225","286","34.3","28.1","37.3","22.2","27.7","28.5","4.1","3.6","0770"
"4602",4601,"GM1903","Eijsden-Margraten","Gemeente","GM1903",".",25297,5981,2640,595,47,22,"327","232","33","27.5","37.6","21.6","26.8","27.3","3.6","3.2","1903"
"4643",4642,"GM0772","Eindhoven","Gemeente","GM0772",".",226868,37770,31850,44128,6091,10356,"2587","211","32.7","26.7","40.6","20.1","48.4","16","9.6","8.5","0772"
"4767",4766,"GM0230","Elburg","Gemeente","GM0230",".",23026,4323,804,577,12,31,"361","227","28.7","22.2","42","16.8","31","20.3","4.6","4.1","0230"
"4788",4787,"GM0114","Emmen","Gemeente","GM0114",".",107490,23141,7547,5114,382,855,"321","147","26.9","21.8","45.6","13.4","43.2","13.4","8.8","7.9","0114"
"4899",4898,"GM0388","Enkhuizen","Gemeente","GM0388",".",18479,3724,1615,1268,128,353,"1457","180","29.7","24.2","40.3","16.4","40.1","17.1","6.5","5.6","0388"
"4910",4909,"GM0153","Enschede","Gemeente","GM0153",".",158140,27211,19659,25558,2047,8738,"1122","158","26.6","21.4","47.9","13.9","52.4","12.1","12.7","11.1","0153"
"4991",4990,"GM0232","Epe","Gemeente","GM0232",".",32537,7871,2060,1719,66,862,"208","262","30.6","24.9","42.2","17","35.1","20.9","6","5.1","0232"
"5020",5019,"GM0233","Ermelo","Gemeente","GM0233",".",26590,6001,1558,1178,126,172,"311","270","32.3","26.2","38.1","19.6","32.8","23.5","5.6","4.4","0233"
"5039",5038,"GM0777","Etten-Leur","Gemeente","GM0777",".",43027,8308,3952,3880,845,905,"778","231","32","25.6","37.8","19.9","32.9","21.6","5.5","5.1","0777"
"5096",5095,"GM1722","Ferwerderadiel","Gemeente","GM1722",".",8735,1708,330,243,12,2,"89","150","26.9","20.7","42.6","11.5","38.2","15","7","6.5","1722"
"5118",5117,"GM0070","Franekeradeel","Gemeente","GM0070",".",20215,4295,1197,617,57,25,"197","142","26.7","21.6","44.5","13.7","41.2","14.3","8.3","7.5","0070"
"5166",5165,"GM1940","De Fryske Marren","Gemeente","GM1940",".",51585,11146,2336,1666,58,120,"147","198","29.2","23.3","42.5","16.4","35.3","19.3","6.3","6.2","1940"
"5288",5287,"GM0779","Geertruidenberg","Gemeente","GM0779",".",21504,4246,1306,741,41,81,"807","206","31.7","25.6","37.7","20.1","33.3","21.3","4.7","4.4","0779"
"5303",5302,"GM0236","Geldermalsen","Gemeente","GM0236",".",26587,4953,1357,1052,328,23,"266","271","34.4","26.9","37.8","23.9","27.5","29.1","4.3","3.9","0236"
"5342",5341,"GM1771","Geldrop-Mierlo","Gemeente","GM1771",".",39078,8237,3576,2979,253,555,"1260","230","32","25.9","39","20.2","34.4","21.2","6.1","5.6","1771"
"5356",5355,"GM1652","Gemert-Bakel","Gemeente","GM1652",".",30024,5441,2132,880,57,57,"246","240","30","24.2","39.8","17.1","34.1","22.2","5.4","5","1652"
"5388",5387,"GM0907","Gennep","Gemeente","GM0907",".",17129,3742,1681,714,202,74,"359","215","29.2","23.8","39.9","16.5","34.3","19.1","5.4","5.5","0907"
"5410",5409,"GM0689","Giessenlanden","Gemeente","GM0689",".",14596,2842,627,359,43,17,"230","277","34.7","27.2","39","23.4","26","28.8","3.5","3.6","0689"
"5444",5443,"GM0784","Gilze en Rijen","Gemeente","GM0784",".",26220,5223,2052,2242,143,934,"400","232","30.7","25","39.6","18.9","33.4","22.8","5.5","4.9","0784"
"5459",5458,"GM1924","Goeree-Overflakkee","Gemeente","GM1924",".",48653,10115,1822,1058,33,48,"186","213","32.8","26","39.6","22.6","33.1","23.4","4.4","4.2","1924"
"5532",5531,"GM0664","Goes","Gemeente","GM0664",".",37274,8479,3046,2731,279,201,"403","202","31","25.7","39.4","18.8","39","18.6","7","6","0664"
"5571",5570,"GM0785","Goirle","Gemeente","GM0785",".",23317,5011,1556,1031,101,218,"554","253","33","26.6","37.5","22","29.9","25.2","4.8","4.3","0785"
"5621",5620,"GM1942","Gooise Meren","Gemeente","GM1942",".",56935,11973,6897,4692,1164,344,"1368","347","47.6","36.4","33.7","31","32.8","32","6.2","5.8","1942"
"5684",5683,"GM0512","Gorinchem","Gemeente","GM0512",".",35755,6369,3451,5636,1767,1731,"1894","196","32.1","25.5","39.5","20","41.4","19.3","7.9","7.3","0512"
"5734",5733,"GM0513","Gouda","Gemeente","GM0513",".",71752,13024,6219,11540,6922,461,"4266","179","32.3","25.6","38.9","21.5","39.8","19.8","8","7.1","0513"
"5791",5790,"GM0786","Grave","Gemeente","GM0786",".",12370,2559,1005,617,31,25,"455","202","30.5","25","38.5","18.7","32.2","20.4","4.8","4.6","0786"
"5813",5812,"GM0518","'s-Gravenhage","Gemeente","GM0518",".",524882,74675,91739,184926,30869,39520,"6347","197","33.4","25.8","41.3","20.8","48.5","17","13.3","12.2","0518"
"5972",5971,"GM0014","Groningen","Gemeente","GM0014",".",202636,25053,24320,23949,1215,1496,"2125","157","26.9","22.4","49","15.5","63.2","10.1","15.1","12.8","0014"
"6096",6095,"GM0015","Grootegast","Gemeente","GM0015",".",12166,2124,296,165,5,1,"140","194","27.3","21.1","42.4","13.9","33.4","18.3","5.2","4.9","0015"
"6117",6116,"GM1729","Gulpen-Wittem","Gemeente","GM1729",".",14337,3781,1661,295,22,2,"196","205","30.3","25.8","40.3","17.8","34.9","20.4","5.4","5","1729"
"6154",6153,"GM0158","Haaksbergen","Gemeente","GM0158",".",24272,5443,1610,1304,76,636,"232","212","29.5","24.1","41.3","16.6","32.9","22.5","5.2","4.9","0158"
"6192",6191,"GM0788","Haaren","Gemeente","GM0788",".",13912,3081,664,310,19,13,"241","312","34.1","28.5","38.2","22.1","26.8","31.3","3.8","3.6","0788"
"6212",6211,"GM0392","Haarlem","Gemeente","GM0392",".",159229,26818,20434,24338,5189,6496,"5459","250","35.5","28.4","34.8","24","40.7","21.5","7.8","7","0392"
"6345",6344,"GM0393","Haarlemmerliede en Spaarnwoude","Gemeente","GM0393",".",5665,999,477,366,27,24,"295","283","36.4","29.7","34.8","25.4","27.2","31.2","4.7","4.1","0393"
"6353",6352,"GM0394","Haarlemmermeer","Gemeente","GM0394",".",146003,23246,16214,21241,3367,2194,"819","256","36.1","28.5","34.2","25.4","28.8","28.8","4.8","4.4","0394"
"6457",6456,"GM1655","Halderberge","Gemeente","GM1655",".",29579,6634,2089,2231,852,274,"397","229","31.2","25.4","40.4","19.4","34.2","21.6","5.5","5.1","1655"
"6483",6482,"GM0160","Hardenberg","Gemeente","GM0160",".",60211,10631,2251,1567,47,98,"193","207","27.7","21.9","42.5","14.5","33.3","19.6","5.7","4.8","0160"
"6583",6582,"GM0243","Harderwijk","Gemeente","GM0243",".",46352,8000,3061,5187,1199,2137,"1193","231","30.7","24.1","39","18.6","35.3","20","7.1","5.8","0243"
"6663",6662,"GM0523","Hardinxveld-Giessendam","Gemeente","GM0523",".",17872,3229,596,565,78,32,"1056","223","30.7","23.3","40.7","20.4","31.7","23.6","4","3.8","0523"
"6669",6668,"GM0017","Haren","Gemeente","GM0017",".",19570,5149,1543,978,22,38,"431","275","40.3","31.7","34.1","29.5","31.1","30.5","6","5","0017"
"6686",6685,"GM0072","Harlingen","Gemeente","GM0072",".",15860,3690,1216,681,99,50,"635","151","27","21.7","46.5","13.8","47.1","12.6","9.4","9.8","0072"
"6702",6701,"GM0244","Hattem","Gemeente","GM0244",".",12040,2604,540,374,19,30,"522","253","33.1","25.9","38.9","20.5","31.5","22.9","4","3.3","0244"
"6715",6714,"GM0396","Heemskerk","Gemeente","GM0396",".",39171,8288,3610,4004,323,1055,"1439","218","32.1","26.2","36.5","21","34.3","21.9","5.8","5.3","0396"
"6765",6764,"GM0397","Heemstede","Gemeente","GM0397",".",26936,7109,3402,1663,145,125,"2934","404","49.6","38.9","32.2","33.9","28.7","36.6","4.4","4.1","0397"
"6783",6782,"GM0246","Heerde","Gemeente","GM0246",".",18561,4144,598,485,1,64,"236","253","30.4","24.3","40.6","18.4","29.2","21.7","3.6","2.8","0246"
"6801",6800,"GM0074","Heerenveen","Gemeente","GM0074",".",50203,10396,2762,2951,325,530,"264","187","29.7","23.8","41.8","16.7","40.2","17.7","7.9","7","0074"
"6840",6839,"GM0398","Heerhugowaard","Gemeente","GM0398",".",54950,9282,4794,6466,740,1178,"1435","201","31.1","24.5","37.3","19.9","30.4","21","5.8","4.5","0398"
"6901",6900,"GM0917","Heerlen","Gemeente","GM0917",".",87189,19152,16287,8230,2352,611,"1939","125","27","22.6","44.3","12.6","53.7","9.7","12.4","10.4","0917"
"6982",6981,"GM1658","Heeze-Leende","Gemeente","GM1658",".",15714,3598,1126,419,26,25,"151","312","35.7","29.2","37.1","24.3","25.2","30.4","3.6","3.2","1658"
"6999",6998,"GM0399","Heiloo","Gemeente","GM0399",".",22857,5989,1791,1024,38,23,"1222","292","36.8","30.1","36.5","26.2","29.1","29.2","4.7","3.4","0399"
"7028",7027,"GM0400","Den Helder","Gemeente","GM0400",".",56020,11913,5434,5494,165,246,"1242","143","28.6","23.5","40.2","16.1","44.3","13","8.9","7.8","0400"
"7102",7101,"GM0163","Hellendoorn","Gemeente","GM0163",".",35772,7388,1455,917,12,165,"259","224","29.1","23.2","41","15.7","31.4","20.5","4.3","4","0163"
"7151",7150,"GM0530","Hellevoetsluis","Gemeente","GM0530",".",38722,7587,3554,3430,127,870,"1230","193","34.2","27.5","37.6","25.4","32.4","22.9","6.2","5.6","0530"
"7198",7197,"GM0794","Helmond","Gemeente","GM0794",".",90603,14883,11653,11395,3859,2415,"1703","198","29.9","23.5","41.9","17","41.7","17.5","9.1","8.4","0794"
"7255",7254,"GM0531","Hendrik-Ido-Ambacht","Gemeente","GM0531",".",29731,4925,1861,2218,298,295,"2801","221","35.3","26.9","35.4","25.7","27","28.5","4","3.5","0531"
"7273",7272,"GM0164","Hengelo","Gemeente","GM0164",".",80802,15503,7782,10323,244,4664,"1327","168","29.3","23.7","41.6","16.9","42.4","16","8.8","7.5","0164"
"7346",7345,"GM0796","'s-Hertogenbosch","Gemeente","GM0796",".",152410,26071,13417,16914,4828,2797,"1379","238","33.9","27.4","37.7","22.7","39.6","21.8","8.3","7.4","0796"
"7468",7467,"GM0252","Heumen","Gemeente","GM0252",".",16475,3697,1503,692,31,33,"414","261","35.7","29.1","36.6","24.4","28.5","29.4","5.1","4.6","0252"
"7490",7489,"GM0797","Heusden","Gemeente","GM0797",".",43517,8515,3061,2692,342,1066,"552","258","32.2","26","40","20.3","31.6","24.3","5","4.8","0797"
"7519",7518,"GM0534","Hillegom","Gemeente","GM0534",".",21316,4382,2308,1322,249,96,"1656","229","33","26.8","35.9","20.3","33.1","22","4.5","4.2","0534"
"7546",7545,"GM0798","Hilvarenbeek","Gemeente","GM0798",".",15283,3221,820,336,14,13,"161","290","33.3","27.4","37.7","21.7","27.2","29.6","3.7","3.4","0798"
"7563",7562,"GM0402","Hilversum","Gemeente","GM0402",".",88888,16841,11677,11733,2707,2428,"1949","264","37.6","29.7","35.9","23.9","40.5","22.3","8","7.2","0402"
"7616",7615,"GM1735","Hof van Twente","Gemeente","GM1735",".",35011,8450,1947,1139,20,340,"165","225","30.3","24.9","41.3","17.6","32.7","23.2","4.6","4.7","1735"
"7675",7674,"GM1911","Hollands Kroon","Gemeente","GM1911",".",47600,9382,3196,1404,53,51,"133","201","29.8","24.3","41.1","18","33","21.5","5.1","4.5","1911"
"7732",7731,"GM0118","Hoogeveen","Gemeente","GM0118",".",55311,11363,3062,2660,86,298,"434","163","26.9","21.3","44","13.2","40.3","13.9","7.3","6.3","0118"
"7794",7793,"GM0018","Hoogezand-Sappemeer","Gemeente","GM0018",".",34232,7465,2525,4070,260,1066,"515","134","26.2","21","46.6","12.8","47.8","11.5","10.5","9.5","0018"
"7851",7850,"GM0405","Hoorn","Gemeente","GM0405",".",72493,13025,6424,10183,1367,1621,"3560","183","31","24.8","38.6","18.6","38.3","18.5","7.7","6.5","0405"
"7940",7939,"GM1507","Horst aan de Maas","Gemeente","GM1507",".",42139,8403,3488,1122,52,58,"223","235","29.5","24.8","40.7","16.9","31.2","22.7","3.6","3.6","1507"
"8006",8005,"GM0321","Houten","Gemeente","GM0321",".",49300,6419,3579,3737,536,219,"895","278","38.8","29.8","31.7","29.7","25.3","34.5","4.2","3.6","0321"
"8079",8078,"GM0406","Huizen","Gemeente","GM0406",".",41382,8866,4098,4218,1380,644,"2618","268","36.1","29","36.9","23.2","34.1","25.2","6.5","6.2","0406"
"8123",8122,"GM0677","Hulst","Gemeente","GM0677",".",27395,6500,6603,772,63,60,"136","187","31.6","25.9","40","19.4","36.6","20","5","5","0677"
"8176",8175,"GM0353","IJsselstein","Gemeente","GM0353",".",34208,5461,2459,4286,1415,379,"1621","235","35.2","27.6","34.4","24.3","30","28.1","4.8","4.2","0353"
"8208",8207,"GM1884","Kaag en Braassem","Gemeente","GM1884",".",26374,5191,1614,1088,142,48,"417","264","34.1","27.7","36.4","22.8","29.3","28.8","4.2","3.7","1884"
"8241",8240,"GM0166","Kampen","Gemeente","GM0166",".",52511,8604,2098,2730,38,963,"369","195","28.1","21.8","42.9","16.1","36.9","18","6","5.1","0166"
"8285",8284,"GM0678","Kapelle","Gemeente","GM0678",".",12622,2419,728,408,17,8,"340","225","32","25.2","38.8","21.9","27.3","25.3","4","3.6","0678"
"8295",8294,"GM0537","Katwijk","Gemeente","GM0537",".",64532,10917,3643,3442,459,332,"2622","248","31.3","24.4","39.7","20.1","31.5","23.5","4.8","4.5","0537"
"8335",8334,"GM0928","Kerkrade","Gemeente","GM0928",".",45937,11053,11786,2649,453,289,"2097","129","26.3","21.9","43.4","11.6","50.4","10.1","11.1","9.7","0928"
"8357",8356,"GM1598","Koggenland","Gemeente","GM1598",".",22522,4293,1120,710,31,34,"280","234","31.1","25.4","39","19.5","28","27.1","4","3.9","1598"
"8384",8383,"GM0079","Kollumerland en Nieuwkruisland","Gemeente","GM0079",".",12872,2417,297,290,6,2,"117","169","26.2","20.3","44.4","12.7","38.7","15.2","7.2","6.7","0079"
"8409",8408,"GM0588","Korendijk","Gemeente","GM0588",".",10959,2227,454,226,16,0,"144","225","34.2","26.9","37.2","23.9","26.1","27.1","3.5","3.2","0588"
"8432",8431,"GM0542","Krimpen aan den IJssel","Gemeente","GM0542",".",29123,6787,2110,2201,226,166,"3792","218","32.9","25.8","39.5","22.1","33.8","22.8","5.3","5.3","0542"
"8440",8439,"GM1931","Krimpenerwaard","Gemeente","GM1931",".",55204,11146,2917,2944,1125,67,"369","236","32.9","26","38.9","21.7","32.7","24.7","4.8","4.5","1931"
"8521",8520,"GM1659","Laarbeek","Gemeente","GM1659",".",21942,4641,1268,508,22,29,"396","245","30.8","24.9","40.3","18.4","31","23.3","4.5","4.4","1659"
"8541",8540,"GM1685","Landerd","Gemeente","GM1685",".",15332,3113,695,416,16,16,"218","277","30.5","24.9","41.3","18.8","29.2","28.3","4.8","4.1","1685"
"8559",8558,"GM0882","Landgraaf","Gemeente","GM0882",".",37458,8777,7188,1486,153,144,"1524","154","28.3","23.6","40.1","14.8","41.6","14.2","7.9","7.1","0882"
"8590",8589,"GM0415","Landsmeer","Gemeente","GM0415",".",11275,2274,990,856,97,53,"501","315","38.5","30.7","34.1","27.6","27.6","32.9","4.6","4.1","0415"
"8600",8599,"GM0416","Langedijk","Gemeente","GM0416",".",27608,5210,1640,1335,272,64,"1155","244","32.5","26","38.4","20.4","28.1","25.9","4.4","3.9","0416"
"8609",8608,"GM1621","Lansingerland","Gemeente","GM1621",".",60105,8669,4360,5920,1105,520,"1109","273","40.6","30.3","32.9","31","22.3","37.1","4.1","3.9","1621"
"8687",8686,"GM0417","Laren","Gemeente","GM0417",".",11088,3416,1535,567,32,31,"893","559","56.3","43.8","35.4","33.8","28.1","38.9","6.3","6.1","0417"
"8699",8698,"GM0022","Leek","Gemeente","GM0022",".",19643,4178,1045,687,20,61,"311","188","29.6","23.5","42","16.9","36.1","18.5","5.7","5.4","0022"
"8732",8731,"GM0545","Leerdam","Gemeente","GM0545",".",20905,4055,1670,3022,366,1817,"619","209","29.7","23.3","41.5","18.1","37.6","19.8","6.6","5.8","0545"
"8741",8740,"GM0080","Leeuwarden","Gemeente","GM0080",".",108667,18665,8419,10400,1038,510,"704","137","27.5","22.4","45.2","14.8","52.7","11.8","12.7","10.3","0080"
"8882",8881,"GM0081","Leeuwarderadeel","Gemeente","GM0081",".",10108,2234,428,373,20,15,"247","170","28.6","23.1","40.8","16.5","31.5","18.5","5","4.5","0081"
"8898",8897,"GM0546","Leiden","Gemeente","GM0546",".",123661,17773,17449,19892,5295,2241,"5630","218","32.6","26.6","41.3","22.6","52","17.2","9.5","8.2","0546"
"8963",8962,"GM0547","Leiderdorp","Gemeente","GM0547",".",27128,5878,2820,3026,364,625,"2349","244","36.1","29","34.4","25.8","32.1","26","4.8","4.5","0547"
"8983",8982,"GM1916","Leidschendam-Voorburg","Gemeente","GM1916",".",74604,16809,10602,11745,1247,734,"2286","237","38.7","30.8","34","27.6","37.3","24.1","7.2","6.8","1916"
"9025",9024,"GM0995","Lelystad","Gemeente","GM0995",".",76937,12491,7606,15566,2374,1946,"334","163","29.6","23.1","41.1","17.9","39.3","17","9.7","8.4","0995"
"9208",9207,"GM1640","Leudal","Gemeente","GM1640",".",35878,8128,3271,1059,68,50,"220","214","30.5","25.5","39.2","18.1","30.3","22.5","4.4","4.1","1640"
"9257",9256,"GM0327","Leusden","Gemeente","GM0327",".",29677,5937,2329,1595,176,94,"506","275","36.8","29.4","32.9","26.1","26.1","29.4","4.2","3.7","0327"
"9292",9291,"GM0733","Lingewaal","Gemeente","GM0733",".",11158,2085,549,433,107,30,"221","255","32.8","25.9","38.8","21.5","28.6","26.5","4.1","3.7","0733"
"9309",9308,"GM1705","Lingewaard","Gemeente","GM1705",".",46182,9079,3079,1481,81,156,"742","229","31.8","25.4","38.7","20.2","30.9","23.2","4.5","4.2","1705"
"9339",9338,"GM0553","Lisse","Gemeente","GM0553",".",22717,4852,1925,1036,81,46,"1448","247","33.1","27","36.9","20.7","34.1","23.3","4.4","4","0553"
"9382",9381,"GM0140","Littenseradiel","Gemeente","GM0140",".",10746,2005,366,192,8,4,"82","187","29.7","23.3","38.7","17.1","32.3","22.9","5.3","4.8","0140"
"9429",9428,"GM0262","Lochem","Gemeente","GM0262",".",33545,8944,2012,1500,313,357,"157","271","33.8","27.7","39.3","20.7","31.4","24.8","5.5","5.3","0262"
"9472",9471,"GM0809","Loon op Zand","Gemeente","GM0809",".",23093,4915,1505,891,24,234,"462","243","31.3","25.6","40.1","18.9","33","22.5","4.8","4.8","0809"
"9509",9508,"GM0331","Lopik","Gemeente","GM0331",".",14208,2269,578,623,191,23,"188","270","32.5","25.5","38.3","20.6","26.6","29.8","4.4","4","0331"
"9525",9524,"GM0024","Loppersum","Gemeente","GM0024",".",9914,2055,417,207,2,11,"89","144","28.3","22.6","42.5","15.7","38.9","17.1","7.5","6.4","0024"
"9553",9552,"GM0168","Losser","Gemeente","GM0168",".",22482,4992,2549,705,12,192,"228","204","28.5","23.1","41.7","15.3","34.5","20","5.4","4.9","0168"
"9572",9571,"GM0263","Maasdriel","Gemeente","GM0263",".",24250,4404,1798,722,133,22,"367","263","32","25.6","39.5","20.3","31.1","26.6","4.7","4.6","0263"
"9602",9601,"GM1641","Maasgouw","Gemeente","GM1641",".",23774,5884,2674,606,43,39,"520","201","31.2","26.2","38.7","18.9","32.1","21.9","4.3","4.4","1641"
"9627",9626,"GM0556","Maassluis","Gemeente","GM0556",".",32450,7226,2700,6015,1333,2070,"3821","189","31","25.2","39.5","19.8","38.2","18.7","7.5","6.6","0556"
"9655",9654,"GM0935","Maastricht","Gemeente","GM0935",".",122753,25047,24625,13158,1806,1637,"2179","186","28.7","24.2","46.8","16.2","54.9","13","10.9","9.8","0935"
"9707",9706,"GM1663","De Marne","Gemeente","GM1663",".",10088,2322,429,177,0,2,"59","139","27","22","44.4","13.4","42.8","13.6","8.1","7.7","1663"
"9741",9740,"GM0025","Marum","Gemeente","GM0025",".",10388,1867,435,217,2,9,"161","215","29.2","23.3","41.4","15.9","32.9","20.8","5.5","4.3","0025"
"9759",9758,"GM0420","Medemblik","Gemeente","GM0420",".",44058,8625,3337,1864,58,439,"363","217","30.3","24.6","40.5","18.1","33.5","23","5.2","5","0420"
"9804",9803,"GM0938","Meerssen","Gemeente","GM0938",".",19072,4831,1824,516,35,28,"708","223","34.1","28.3","37.9","21.7","31.2","24.8","4.3","4.2","0938"
"9822",9821,"GM1948","Meierijstad","Gemeente","GM1948",".",79864,15462,5714,4976,708,1528,"434","255","31.5","25.6","39","18.7","30.8","24","4.3","4","1948"
"9920",9919,"GM1908","Menameradiel","Gemeente","GM1908",".",13454,2714,510,256,4,15,"195","168","28.7","22.9","40.4","16.2","33.1","19","4.8","4.9","1908"
"9946",9945,"GM1987","Menterwolde","Gemeente","GM1987",".",12162,2380,509,332,9,37,"152","147","27.5","22.2","43.5","14.7","39.4","14.9","7.3","7","1987"
"9968",9967,"GM0119","Meppel","Gemeente","GM0119",".",33025,6254,1786,1900,640,34,"594","186","30.2","24","39.5","18","38.8","17.7","7","6.1","0119"
"10029",10028,"GM0687","Middelburg","Gemeente","GM0687",".",48019,10218,4671,4002,266,891,"991","176","30.7","24.8","40.9","19.1","41","17.2","8.2","7.3","0687"
"10060",10059,"GM1842","Midden-Delfland","Gemeente","GM1842",".",19034,3344,1109,968,142,90,"402","286","36.8","29.5","35.2","27.7","23.6","35.7","3.3","3.1","1842"
"10076",10075,"GM1731","Midden-Drenthe","Gemeente","GM1731",".",33399,7372,1465,1109,25,16,"98","196","29.6","24.1","40.2","17.1","33.6","20.3","5.6","4.9","1731"
"10142",10141,"GM0815","Mill en Sint Hubert","Gemeente","GM0815",".",10807,2224,457,206,17,12,"207","243","29","24","41.8","16.4","31.2","23.9","3.9","3.7","0815"
"10162",10161,"GM1709","Moerdijk","Gemeente","GM1709",".",36944,7641,2415,1634,195,344,"232","211","32.4","26","38.5","21.5","32.9","22.5","4.8","4.5","1709"
"10213",10212,"GM1927","Molenwaard","Gemeente","GM1927",".",29212,4964,993,768,77,30,"247","244","32.6","24.5","39.4","21.6","28","27.8","3.9","3.3","1927"
"10255",10254,"GM1955","Montferland","Gemeente","GM1955",".",35316,7877,2931,1223,45,329,"334","196","28.3","23.3","43.2","14.7","35.9","19.2","5.5","5.1","1955"
"10286",10285,"GM0335","Montfoort","Gemeente","GM0335",".",13866,2530,700,641,131,76,"368","262","34.5","27.2","36.3","24","25.4","29.8","3.3","3.4","0335"
"10302",10301,"GM0944","Mook en Middelaar","Gemeente","GM0944",".",7775,1972,769,287,6,10,"447","267","36.1","30","36.3","24.6","28.7","29.2","4.2","3.9","0944"
"10310",10309,"GM1740","Neder-Betuwe","Gemeente","GM1740",".",23303,3809,1061,559,155,24,"388","224","29.5","22.3","43.1","17.9","31.8","23.3","4.9","4.6","1740"
"10332",10331,"GM0946","Nederweert","Gemeente","GM0946",".",16864,3649,1081,387,34,10,"169","237","29.7","24.7","40.8","17.1","32.8","23.4","3.6","3.7","0946"
"10353",10352,"GM0304","Neerijnen","Gemeente","GM0304",".",12344,2098,598,369,91,3,"187","261","33.4","26","39.7","22.7","27.7","29.7","4.5","4","0304"
"10378",10377,"GM0356","Nieuwegein","Gemeente","GM0356",".",61868,11611,6268,9695,2360,746,"2625","203","31.8","25.8","35.2","20","35.3","19.1","6.5","5.7","0356"
"10421",10420,"GM0569","Nieuwkoop","Gemeente","GM0569",".",27914,5398,1639,1117,270,20,"357","275","33.9","27.5","36.9","22.4","27.1","29.2","3.5","3.3","0569"
"10453",10452,"GM0267","Nijkerk","Gemeente","GM0267",".",41775,7561,2229,2527,885,307,"602","268","32","24.9","38.6","20.3","29.9","24.8","4.6","4.1","0267"
"10492",10491,"GM0268","Nijmegen","Gemeente","GM0268",".",173557,26389,20823,23433,3726,5407,"3238","195","29.3","24.2","44.8","18","56.3","13.6","12.2","10.6","0268"
"10546",10545,"GM1930","Nissewaard","Gemeente","GM1930",".",85401,15770,7727,11932,517,1078,"1026","167","32.3","25.9","37.5","22.3","36.9","19.6","7.4","6.8","1930"
"10663",10662,"GM1695","Noord-Beveland","Gemeente","GM1695",".",7382,1943,675,209,11,4,"86","196","29.6","24.9","40.2","16.9","36.7","16.8","5.7","5.2","1695"
"10684",10683,"GM1699","Noordenveld","Gemeente","GM1699",".",32981,8053,1432,2672,18,32,"165","215","31","25.1","40.4","19.4","33.7","20.5","5.9","5.5","1699"
"10725",10724,"GM0171","Noordoostpolder","Gemeente","GM0171",".",46544,7704,3167,3379,583,270,"101","180","28.8","22.5","41.6","16.3","34.9","18.6","6.9","6.2","0171"
"10787",10786,"GM0575","Noordwijk","Gemeente","GM0575",".",25867,5467,3043,1315,279,55,"723","331","37.8","30.8","36","24","33.7","25.7","5.2","4.8","0575"
"10801",10800,"GM0576","Noordwijkerhout","Gemeente","GM0576",".",16318,3333,1775,692,76,14,"722","263","32.2","26.6","38.9","20","33.8","24.5","5.2","4.5","0576"
"NA",NA,NA,NA,NA,NA,NA,NA,NA,NA,NA,NA,NA,NA,NA,NA,NA,NA,NA,NA,NA,NA,NA,NA
"NA.1",NA,NA,NA,NA,NA,NA,NA,NA,NA,NA,NA,NA,NA,NA,NA,NA,NA,NA,NA,NA,NA,NA,NA
"NA.2",NA,NA,NA,NA,NA,NA,NA,NA,NA,NA,NA,NA,NA,NA,NA,NA,NA,NA,NA,NA,NA,NA,NA
"NA.3",NA,NA,NA,NA,NA,NA,NA,NA,NA,NA,NA,NA,NA,NA,NA,NA,NA,NA,NA,NA,NA,NA,NA
"NA.4",NA,NA,NA,NA,NA,NA,NA,NA,NA,NA,NA,NA,NA,NA,NA,NA,NA,NA,NA,NA,NA,NA,NA
"NA.5",NA,NA,NA,NA,NA,NA,NA,NA,NA,NA,NA,NA,NA,NA,NA,NA,NA,NA,NA,NA,NA,NA,NA
"NA.6",NA,NA,NA,NA,NA,NA,NA,NA,NA,NA,NA,NA,NA,NA,NA,NA,NA,NA,NA,NA,NA,NA,NA
"NA.7",NA,NA,NA,NA,NA,NA,NA,NA,NA,NA,NA,NA,NA,NA,NA,NA,NA,NA,NA,NA,NA,NA,NA
"NA.8",NA,NA,NA,NA,NA,NA,NA,NA,NA,NA,NA,NA,NA,NA,NA,NA,NA,NA,NA,NA,NA,NA,NA
"NA.9",NA,NA,NA,NA,NA,NA,NA,NA,NA,NA,NA,NA,NA,NA,NA,NA,NA,NA,NA,NA,NA,NA,NA
"NA.10",NA,NA,NA,NA,NA,NA,NA,NA,NA,NA,NA,NA,NA,NA,NA,NA,NA,NA,NA,NA,NA,NA,NA
"NA.11",NA,NA,NA,NA,NA,NA,NA,NA,NA,NA,NA,NA,NA,NA,NA,NA,NA,NA,NA,NA,NA,NA,NA
"NA.12",NA,NA,NA,NA,NA,NA,NA,NA,NA,NA,NA,NA,NA,NA,NA,NA,NA,NA,NA,NA,NA,NA,NA
"NA.13",NA,NA,NA,NA,NA,NA,NA,NA,NA,NA,NA,NA,NA,NA,NA,NA,NA,NA,NA,NA,NA,NA,NA
"10822",10821,"GM0302","Nunspeet","Gemeente","GM0302",".",26892,5246,975,794,85,46,"209","259","30.4","23.6","42.2","18.3","31.2","23","4.9","4.3","0302"
"10839",10838,"GM0951","Nuth","Gemeente","GM0951",".",15305,3979,1609,441,42,41,"462","201","31.7","26.6","38.7","19.1","33.7","21.7","4.9","4.3","0951"
"10857",10856,"GM0579","Oegstgeest","Gemeente","GM0579",".",23608,4725,3512,1856,147,121,"3235","337","47.7","36.6","29.8","35.7","25.4","36","4.4","4.1","0579"
"10871",10870,"GM0823","Oirschot","Gemeente","GM0823",".",18499,3740,842,473,8,8,"182","309","33.1","27.2","38.1","20.2","27","29.2","3.6","3.7","0823"
"10891",10890,"GM0824","Oisterwijk","Gemeente","GM0824",".",25936,5987,1675,1229,145,104,"406","307","35.5","29.1","38.6","22.7","30.6","27.7","4.9","4.6","0824"
"10932",10931,"GM1895","Oldambt","Gemeente","GM1895",".",38108,8910,2754,1257,49,71,"168","128","26.2","21.3","46","12.6","46.7","11.2","9.9","8.7","1895"
"10994",10993,"GM0269","Oldebroek","Gemeente","GM0269",".",23256,4133,735,502,6,20,"238","238","28.3","21.9","43.1","16.2","32.1","20.5","4.6","4.2","0269"
"11024",11023,"GM0173","Oldenzaal","Gemeente","GM0173",".",32006,6923,2509,2425,21,1261,"1485","209","29.9","24.1","40.2","17.3","37.1","19.4","6.1","5.7","0173"
"11053",11052,"GM1773","Olst-Wijhe","Gemeente","GM1773",".",17957,3642,797,576,16,148,"158","223","29.9","24.2","39.5","17.7","31.5","22.5","5","4.8","1773"
"11089",11088,"GM0175","Ommen","Gemeente","GM0175",".",17531,3695,801,497,8,13,"97","238","29.7","23.7","40.5","16.1","32","21.6","5.1","4.7","0175"
"11147",11146,"GM0881","Onderbanken","Gemeente","GM0881",".",7865,1748,1356,231,65,10,"372","168","29.3","24","40.6","16.2","35.3","17.8","7","6.2","0881"
"11154",11153,"GM1586","Oost Gelre","Gemeente","GM1586",".",29634,6063,1541,928,158,127,"270","200","29.4","24.3","39.5","15.7","31.5","21.7","3.8","3.6","1586"
"11203",11202,"GM0826","Oosterhout","Gemeente","GM0826",".",54604,11735,4895,5740,1600,1557,"764","217","32","26","39.8","20.2","36","20.7","6","5.8","0826"
"11262",11261,"GM0085","Ooststellingwerf","Gemeente","GM0085",".",25540,5799,1127,583,16,15,"114","176","27.2","22","43.6","13.7","38.8","15.7","7.5","6.6","0085"
"11296",11295,"GM0431","Oostzaan","Gemeente","GM0431",".",9652,1906,615,648,51,117,"837","271","34.9","28.2","35","24.7","27.7","30.2","3.4","3.5","0431"
"11302",11301,"GM0432","Opmeer","Gemeente","GM0432",".",11420,2326,535,311,19,8,"275","232","29.6","24.4","40.3","17.7","30.2","24.3","4.3","4","0432"
"11317",11316,"GM0086","Opsterland","Gemeente","GM0086",".",29718,6002,1052,752,22,24,"132","200","28.8","22.8","42.4","16","35.6","19.5","6.9","6.2","0086"
"11353",11352,"GM0828","Oss","Gemeente","GM0828",".",90376,17162,7467,8508,457,4199,"554","210","30.4","24.7","40.2","18.3","36.3","20.5","6.5","5.7","0828"
"11483",11482,"GM0584","Oud-Beijerland","Gemeente","GM0584",".",24015,4724,1433,979,80,33,"1282","229","35.1","27.5","36.3","24.8","28.8","26.6","4.5","4.1","0584"
"11498",11497,"GM1509","Oude IJsselstreek","Gemeente","GM1509",".",39568,8774,2813,2443,26,1582,"290","193","27.6","22.4","43.4","13.6","37.7","16.9","6.2","5.8","1509"
"11535",11534,"GM0437","Ouder-Amstel","Gemeente","GM0437",".",13419,2696,1665,1644,134,75,"557","313","42.8","33.8","32.4","30.9","31.4","32.6","5.2","4.9","0437"
"11544",11543,"GM0589","Oudewater","Gemeente","GM0589",".",10187,2029,475,366,72,14,"261","282","35.3","28.1","36.3","23.2","29.4","29.2","3.9","3.8","0589"
"11567",11566,"GM1734","Overbetuwe","Gemeente","GM1734",".",47394,8525,3337,1914,126,302,"434",".","32.7","25.7","37.3","21.7","29.6","25.5","4.9","4.3","1734"
"11605",11604,"GM0590","Papendrecht","Gemeente","GM0590",".",32292,6816,2637,2944,427,366,"3430","193","32.8","26.2","37.7","22.3","32.5","22","5.3","4.5","0590"
"11615",11614,"GM1894","Peel en Maas","Gemeente","GM1894",".",43347,9025,3133,1553,381,290,"272","228","29.2","24.3","41.3","16.4","31.1","22.7","4.1","3.9","1894"
"11654",11653,"GM0765","Pekela","Gemeente","GM0765",".",12517,2672,725,493,7,42,"255","127","24.5","19.7","48.4","10.3","45.8","10.2","9.3","8","0765"
"11662",11661,"GM1926","Pijnacker-Nootdorp","Gemeente","GM1926",".",52656,7473,4417,6080,575,584,"1411","270","38.1","28.9","33.1","29.7","24","35.5","3.8","3.3","1926"
"11695",11694,"GM0439","Purmerend","Gemeente","GM0439",".",79928,15059,7171,13190,1313,1072,"3446","191","30.8","25.2","37.5","18.8","37.2","19.8","6.8","6.4","0439"
"11730",11729,"GM0273","Putten","Gemeente","GM0273",".",24428,4774,1185,707,65,87,"287","297","31.4","24.7","41.4","18.9","31","24.8","4.8","4.4","0273"
"11746",11745,"GM0177","Raalte","Gemeente","GM0177",".",36904,7604,1216,1033,10,286,"216","228","29.3","23.8","40.1","16.7","31.7","21.8","4.4","4.3","0177"
"11803",11802,"GM0703","Reimerswaal","Gemeente","GM0703",".",22356,3704,2023,902,43,201,"220","190","29.1","22","42.8","18.1","33.8","19.8","5.1","5.1","0703"
"11839",11838,"GM0274","Renkum","Gemeente","GM0274",".",31391,8345,3027,1691,69,325,"683","248","36.4","29.7","36.4","24.7","35.5","23.2","6.7","6.3","0274"
"11906",11905,"GM0339","Renswoude","Gemeente","GM0339",".",5101,750,186,114,5,4,"277","279","34","25.4","37.4","22.9","23.6","30.4","3.6","3.6","0339"
"11910",11909,"GM1667","Reusel-De Mierden","Gemeente","GM1667",".",12908,2307,795,322,9,6,"166","263","31.2","25.4","37.4","18.6","26.6","25.7","3.5","3.2","1667"
"11926",11925,"GM0275","Rheden","Gemeente","GM0275",".",43645,11185,3932,3028,246,1040,"534","203","31.1","25.6","41.3","18.1","42.8","16.8","8.1","6.8","0275"
"11953",11952,"GM0340","Rhenen","Gemeente","GM0340",".",19601,4078,1080,1011,391,35,"466","241","32.3","25.1","39.4","20.8","32.8","23.5","5.3","4.4","0340"
"11998",11997,"GM0597","Ridderkerk","Gemeente","GM0597",".",45408,10930,3517,4569,558,732,"1915","188","31","25.3","39.8","19","38","18.6","5.8","5.3","0597"
"12023",12022,"GM0196","Rijnwaarden","Gemeente","GM0196",".",10852,2208,1005,296,6,35,"274","170","27.5","22.3","42.9","14.7","38.8","16.8","6.6","6.1","0196"
"12044",12043,"GM1742","Rijssen-Holten","Gemeente","GM1742",".",37986,6784,1102,1825,14,964,"404","221","29.2","22.1","43.1","16.5","29.7","22.2","4.1","4","1742"
"12088",12087,"GM0603","Rijswijk","Gemeente","GM0603",".",51027,11431,7806,9510,1526,706,"3632","192","34.2","27.6","35.2","23","43","17.9","8.1","7.5","0603"
"12132",12131,"GM1669","Roerdalen","Gemeente","GM1669",".",20700,5128,2846,664,58,25,"235","202","30","25.1","40.2","17.4","34","19.3","4.7","4.5","1669"
"12163",12162,"GM0957","Roermond","Gemeente","GM0957",".",57390,11409,8392,8005,2017,2138,"943","178","29.7","24.3","40.8","16.6","44.9","15.2","9.5","8.8","0957"
"12209",12208,"GM0736","De Ronde Venen","Gemeente","GM0736",".",42763,8524,3689,2969,643,239,"428",".","39.2","31.5","35.8","26.3","28.4","32","4.5","4.3","0736"
"12243",12242,"GM1674","Roosendaal","Gemeente","GM1674",".",77163,15805,8159,10489,4031,2262,"725",".","30.5","24.6","40.5","18.4","38.8","18.7","7.8","7","1674"
"12313",12312,"GM0599","Rotterdam","Gemeente","GM0599",".",634660,96045,78789,240571,43555,47772,"2943","153","29.9","23.7","45","18","53.8","13.3","14.8","14.4","0599"
"12428",12427,"GM0277","Rozendaal","Gemeente","GM0277",".",1498,409,147,72,0,0,"54","461","52","40.9","30.4","38.9","16.2","48.1","2.1","2.1","0277"
"12432",12431,"GM0840","Rucphen","Gemeente","GM0840",".",22345,4805,1431,579,69,27,"347","238","28.8","24","43.3","16.3","34.8","20.4","5.2","4.9","0840"
"12449",12448,"GM0441","Schagen","Gemeente","GM0441",".",46193,10460,3099,1836,31,49,"275","225","30.8","25.4","39.6","18.8","33.2","22.8","4.7","4.5","0441"
"12492",12491,"GM0279","Scherpenzeel","Gemeente","GM0279",".",9704,1775,416,275,44,8,"704","260","30.8","23.7","39.3","19.6","29.2","23.7","4","3.4","0279"
"12497",12496,"GM0606","Schiedam","Gemeente","GM0606",".",77838,13282,9405,22260,2646,7890,"4323","149","29.7","23.5","41.3","17.8","46.6","14.6","10.4","9.7","0606"
"12560",12559,"GM0088","Schiermonnikoog","Gemeente","GM0088",".",941,261,68,17,0,0,"25","237","29.5","25.3","39.6","16.5","41.2","16.3","6.2","6","0088"
"12564",12563,"GM0962","Schinnen","Gemeente","GM0962",".",12954,3249,1633,391,40,20,"538","190","32.4","26.8","37.7","20.4","31","23","4.5","4.2","0962"
"12578",12577,"GM1676","Schouwen-Duiveland","Gemeente","GM1676",".",33765,8809,2207,953,23,47,"147","231","31.4","26.2","41.8","18.9","35.5","20.4","5.6","5.8","1676"
"12646",12645,"GM0965","Simpelveld","Gemeente","GM0965",".",10571,2624,1679,188,6,6,"659","166","29.3","24.7","39.6","16.1","37.7","17.3","4.8","4.6","0965"
"12658",12657,"GM1702","Sint Anthonis","Gemeente","GM1702",".",11595,2349,479,243,2,2,"117","260","31.2","25.8","39.8","18.8","28.3","27.5","3.7","4.1","1702"
"12679",12678,"GM0845","Sint-Michielsgestel","Gemeente","GM0845",".",28584,6008,1459,855,52,31,"489","291","34.5","27.7","37.8","22.8","27.3","29.9","3.9","3.6","0845"
"12708",12707,"GM1883","Sittard-Geleen","Gemeente","GM1883",".",93319,20865,14115,6323,1860,543,"1181","159","30","24.9","41.5","17.1","44","15.6","9","8","1883"
"12754",12753,"GM0610","Sliedrecht","Gemeente","GM0610",".",25012,4795,1199,2219,167,600,"1949","178","30.2","23.3","40.2","18.6","37.9","18.7","7.1","6","0610"
"12792",12791,"GM0040","Slochteren","Gemeente","GM0040",".",14737,2869,628,323,4,16,"110","188","30.2","24","39.8","19.1","32.8","20.7","5.9","5.2","0040"
"12826",12825,"GM1714","Sluis","Gemeente","GM1714",".",23658,6403,5636,662,29,49,"85","189","29.5","24.8","42.6","17.2","40.4","17.9","6.5","6.4","1714"
"12877",12876,"GM0090","Smallingerland","Gemeente","GM0090",".",55695,11223,2874,3017,201,92,"473","163","27.9","22.2","43.8","14.5","41.8","14.3","9.2","7.9","0090"
"12911",12910,"GM0342","Soest","Gemeente","GM0342",".",45874,10106,4031,5436,722,2285,"992","273","36.5","29.1","36.7","24.3","32.2","26.4","6.1","5.5","0342"
"12949",12948,"GM0847","Someren","Gemeente","GM0847",".",19036,3659,1325,441,58,15,"237","258","29.9","24.6","41.6","17.2","33.1","23.6","4.7","4.7","0847"
"12967",12966,"GM0848","Son en Breugel","Gemeente","GM0848",".",16626,3747,1393,608,29,44,"641","282","37.3","29.7","35.5","26.2","24.7","29.7","4","3.9","0848"
"12978",12977,"GM0037","Stadskanaal","Gemeente","GM0037",".",32252,7798,1500,1066,30,16,"274","143","25.2","20.5","48.1","11.2","46.9","11.7","9","7.6","0037"
"13011",13010,"GM0180","Staphorst","Gemeente","GM0180",".",16691,2508,342,268,1,7,"124","245","28","20.7","43.3","15.1","26.2","25.9","4.2","3.9","0180"
"13045",13044,"GM0532","Stede Broec","Gemeente","GM0532",".",21552,4416,1626,1035,102,81,"1481","191","28.7","23.3","41.1","15.7","33","18.7","4.5","3.8","0532"
"13055",13054,"GM0851","Steenbergen","Gemeente","GM0851",".",23970,4986,2473,800,73,29,"164","202","31","25.4","40","19.2","34.3","20.9","5","4.6","0851"
"13079",13078,"GM1708","Steenwijkerland","Gemeente","GM1708",".",43448,9175,1880,1580,56,276,"150","191","28.3","22.7","43.1","15.5","37.7","17.3","6.5","5.8","1708"
"13173",13172,"GM0971","Stein","Gemeente","GM0971",".",25059,6317,2769,749,186,3,"1187","184","30.1","25.1","40","17.8","34.8","18.1","4.5","4.2","0971"
"13190",13189,"GM1904","Stichtse Vecht","Gemeente","GM1904",".",64450,12254,5798,5541,1033,420,"670",".","38.2","30.3","34.4","25.4","29.9","28.7","4.9","4.6","1904"
"13300",13299,"GM0617","Strijen","Gemeente","GM0617",".",8785,1889,423,285,26,9,"175","215","32.8","27.1","38.3","21.5","29.9","24.4","4.2","3.9","0617"
"13315",13314,"GM1900","Sdwest-Frysln","Gemeente","GM1900",".",84158,17816,4316,3098,106,307,"185","181","28.3","22.6","43.4","15.4","39.7","17.1","7.9","7.2","1900"
"13472",13471,"GM0715","Terneuzen","Gemeente","GM0715",".",54588,13107,9969,4001,270,1193,"218","161","30.5","24.8","41","18.5","39.4","17.2","6.9","6.4","0715"
"13544",13543,"GM0093","Terschelling","Gemeente","GM0093",".",4859,1075,260,75,0,1,"58","300","29.2","24.7","43.1","16.8","46","17.5","4.7","4.3","0093"
"13567",13566,"GM0448","Texel","Gemeente","GM0448",".",13545,3177,916,440,11,12,"84","269","28.7","24.3","42.7","15.3","37.6","19.9","5.3","4.7","0448"
"13583",13582,"GM1525","Teylingen","Gemeente","GM1525",".",36093,6719,3278,2122,291,151,"1269","285","38","30.4","34.9","25.5","28.4","30.9","4.2","3.5","1525"
"13598",13597,"GM0716","Tholen","Gemeente","GM0716",".",25527,4682,1366,829,213,20,"174","185","29.3","22.7","42.2","17.5","34.5","19.8","5.5","5.2","0716"
"13624",13623,"GM0281","Tiel","Gemeente","GM0281",".",41488,7016,3720,6516,2106,2348,"1262","193","29.9","23.6","41.2","17.5","38.9","17.9","8.5","7.1","0281"
"13659",13658,"GM0855","Tilburg","Gemeente","GM0855",".",213804,34716,22708,33411,6002,7909,"1824","185","28.9","23.6","43.1","16.6","48.9","15.1","9.7","8.8","0855"
"13970",13969,"GM0183","Tubbergen","Gemeente","GM0183",".",21153,3698,705,287,1,10,"144","244","29.4","23.6","39.9","16.3","28.2","29.3","3.8","4.5","0183"
"14000",13999,"GM1700","Twenterand","Gemeente","GM1700",".",33845,5972,1062,653,1,39,"318","198","27.1","20.9","44.1","13.4","34.4","18.4","5.4","4.8","1700"
"14039",14038,"GM1730","Tynaarlo","Gemeente","GM1730",".",33280,7798,1683,1082,16,40,"232","244","35.1","27.8","36.3","24","28.9","26.6","4.9","4.6","1730"
"14100",14099,"GM0737","Tytsjerksteradiel","Gemeente","GM0737",".",31963,7108,1070,981,21,9,"214","185","28.5","22.6","41.2","15.8","33.6","18.1","5.7","5.1","0737"
"14142",14141,"GM0856","Uden","Gemeente","GM0856",".",41384,8373,3538,3118,212,1075,"617","228","31","25.2","39.5","18.5","34.8","21.5","5.6","5","0856"
"14172",14171,"GM0450","Uitgeest","Gemeente","GM0450",".",13465,2272,912,685,30,52,"703","247","34.7","27.7","34.2","25.2","25.7","29.5","3.9","3.4","0450"
"14180",14179,"GM0451","Uithoorn","Gemeente","GM0451",".",29201,5324,3423,3470,785,130,"1602","239","35","28","34","23.5","32.5","25.7","5","4.2","0451"
"14203",14202,"GM0184","Urk","Gemeente","GM0184",".",20220,1832,287,406,107,8,"1757","197","29.2","19.8","46.4","19.4","22.9","28.8","3.6","3.6","0184"
"14216",14215,"GM0344","Utrecht","Gemeente","GM0344",".",343038,35000,38826,77135,30324,13826,"3644","235","34.3","27.2","38.2","25.3","48.7","19.9","9.9","8.5","0344"
"14338",14337,"GM1581","Utrechtse Heuvelrug","Gemeente","GM1581",".",49035,11534,4097,3312,794,357,"371","313","38.8","31","35.6","26.8","32.3","29.3","5.8","4.9","1581"
"14376",14375,"GM0981","Vaals","Gemeente","GM0981",".",9710,2603,4349,480,19,44,"406","147","28.3","23.5","45","14.6","51.6","12.8","10.9","10.4","0981"
"14388",14387,"GM0994","Valkenburg aan de Geul","Gemeente","GM0994",".",16440,4557,1879,494,33,52,"448","195","31.1","26.5","41.5","18.7","40.8","19.3","6.9","6.8","0994"
"14427",14426,"GM0858","Valkenswaard","Gemeente","GM0858",".",30516,7460,2889,1239,27,60,"556","243","31.3","26.1","40.7","18.2","37.1","19.3","5.8","5.4","0858"
"14451",14450,"GM0047","Veendam","Gemeente","GM0047",".",27527,5928,1464,1932,46,895,"362","139","27.1","21.6","44.9","13.8","43.3","12.4","8.7","7.6","0047"
"14472",14471,"GM0345","Veenendaal","Gemeente","GM0345",".",64273,11021,3788,7538,3524,738,"3299","208","30.5","23.7","40.6","18.7","35.9","20","7","6.1","0345"
"14515",14514,"GM0717","Veere","Gemeente","GM0717",".",21900,5552,1344,540,14,10,"165","262","31.2","25.7","41.4","20","28.6","24.6","4.4","4.1","0717"
"14567",14566,"GM0861","Veldhoven","Gemeente","GM0861",".",44724,9173,4392,2713,211,129,"1411","262","34.9","28.3","36.6","22.7","30.8","24.8","4.4","4.1","0861"
"14588",14587,"GM0453","Velsen","Gemeente","GM0453",".",67619,13310,6308,5765,746,1346,"1509","227","32.7","26.7","37.3","21.2","36.6","22.2","6.7","6.2","0453"
"14662",14661,"GM0983","Venlo","Gemeente","GM0983",".",101059,20796,15791,11957,3101,4028,"812","180","28.2","23.2","43.7","14.5","44","14.5","9.2","8.7","0983"
"14798",14797,"GM0984","Venray","Gemeente","GM0984",".",43565,8552,4575,4113,707,1119,"267","206","29.6","24.5","40.6","16.1","35.6","20.1","6.4","5.6","0984"
"14854",14853,"GM0620","Vianen","Gemeente","GM0620",".",19714,3954,1261,1983,720,198,"503","219","32.5","25.9","37.3","20.6","31.7","24.1","4.7","4.5","0620"
"14875",14874,"GM0622","Vlaardingen","Gemeente","GM0622",".",71999,15001,6755,14352,1987,4867,"3046","163","30.3","24.2","40.2","18.1","45.5","15.2","9.3","8.6","0622"
"14924",14923,"GM0048","Vlagtwedde","Gemeente","GM0048",".",15908,3983,867,605,17,28,"95","171","26.3","21.5","44.7","12.3","42.5","13.5","6.4","5.8","0048"
"14969",14968,"GM0096","Vlieland","Gemeente","GM0096",".",1085,205,96,20,1,1,"31","249","31.8","27.3","38","17","48.5","17.8","5.7","4.7","0096"
"14973",14972,"GM0718","Vlissingen","Gemeente","GM0718",".",44394,9902,6074,5003,1068,429,"1296","151","28.6","23.4","42.7","16.1","46","12.7","10.3","9.3","0718"
"15024",15023,"GM0986","Voerendaal","Gemeente","GM0986",".",12462,3233,1353,333,27,11,"395","211","32.5","27.1","37.7","20.5","31.3","23.1","3.7","3.3","0986"
"15047",15046,"GM0626","Voorschoten","Gemeente","GM0626",".",25315,5697,3189,2247,374,210,"2267","292","41.4","32.3","33.1","30.5","29.2","31.8","4.9","4.4","0626"
"15061",15060,"GM0285","Voorst","Gemeente","GM0285",".",24199,5432,1172,759,16,230,"197","261","31.6","25.8","39.5","19.1","30.4","25.1","4.5","4.2","0285"
"15097",15096,"GM0865","Vught","Gemeente","GM0865",".",26183,5235,2346,1160,112,85,"782","324","39.8","31.5","35.2","26.8","32.9","29.6","5.4","4.6","0865"
"15118",15117,"GM0866","Waalre","Gemeente","GM0866",".",16898,4004,1755,852,30,51,"755","305","41.5","32.9","35.5","28.4","26","32.5","3.7","3.4","0866"
"15125",15124,"GM0867","Waalwijk","Gemeente","GM0867",".",47410,9772,4164,3816,229,1615,"734","213","30.9","25.1","40.5","17.9","37.8","19","6.2","5.8","0867"
"15152",15151,"GM0627","Waddinxveen","Gemeente","GM0627",".",26536,5250,1975,2206,760,296,"949","205","32.5","26","38.3","21.5","31.6","23.7","4.9","4.5","0627"
"15179",15178,"GM0289","Wageningen","Gemeente","GM0289",".",38458,5918,5273,4673,345,163,"1264","222","29","23.5","45.8","19.2","57.8","14.5","8.6","6.6","0289"
"15196",15195,"GM0629","Wassenaar","Gemeente","GM0629",".",26055,6586,5733,2837,123,124,"509","490","63.1","46.7","35.7","33.3","31.9","36.3","6.4","6","0629"
"15220",15219,"GM0852","Waterland","Gemeente","GM0852",".",17290,4002,1278,847,77,31,"332","284","37.4","30.1","34.7","25.3","27.7","30.5","3.9","4","0852"
"15246",15245,"GM0988","Weert","Gemeente","GM0988",".",49574,10936,5331,5098,2093,618,"475","207","30.2","24.9","41.3","17.6","37.3","19.2","6.5","6.1","0988"
"15301",15300,"GM0457","Weesp","Gemeente","GM0457",".",18751,3668,2089,2879,1066,347,"822","229","35","28.2","34.7","24","38.1","23.1","6.9","6.4","0457"
"15329",15328,"GM0870","Werkendam","Gemeente","GM0870",".",26844,5138,990,672,15,36,"263","232","32.3","25.1","39.6","21.8","30.8","25.1","4.2","4","0870"
"15365",15364,"GM0668","West Maas en Waal","Gemeente","GM0668",".",18820,3748,965,441,16,14,"244","241","30.9","25.2","40.9","19.5","33.6","23","4.5","4.4","0668"
"15390",15389,"GM1701","Westerveld","Gemeente","GM1701",".",19084,5127,774,425,9,9,"69","245","30.6","25.3","40.9","17.9","33.2","21.2","5.3","5.4","1701"
"15454",15453,"GM0293","Westervoort","Gemeente","GM0293",".",14991,2603,1400,1208,91,211,"2133","176","29.1","23.8","40.1","16.8","36","17.2","7","6.3","0293"
"15462",15461,"GM1783","Westland","Gemeente","GM1783",".",105632,19596,8815,6139,1674,648,"1300","244","32.5","26.5","38.5","21.4","32.1","26.9","4.6","4.3","1783"
"15546",15545,"GM0098","Weststellingwerf","Gemeente","GM0098",".",25608,5817,1060,931,189,13,"116","179","26.9","21.7","43.7","12.8","40.4","15.1","6.8","6.4","0098"
"15604",15603,"GM0614","Westvoorne","Gemeente","GM0614",".",14257,3701,986,553,19,23,"268","298","41.5","34","36","29.9","28.1","31.7","5.1","4.6","0614"
"15623",15622,"GM0189","Wierden","Gemeente","GM0189",".",24225,4811,1140,578,15,157,"256","239","30.9","24.4","39.7","18.6","27.5","27","3.6","3.6","0189"
"15658",15657,"GM0296","Wijchen","Gemeente","GM0296",".",40876,7969,3058,1852,183,270,"617","223","31.6","25.4","38.9","19.8","32","23.6","5.8","5.3","0296"
"15728",15727,"GM1696","Wijdemeren","Gemeente","GM1696",".",23447,5595,2003,1037,110,45,"492","329","39.1","31.7","36.5","25.4","29.8","30.6","4.6","4.6","1696"
"15753",15752,"GM0352","Wijk bij Duurstede","Gemeente","GM0352",".",23502,4177,1520,1186,229,44,"493","254","34.4","27.8","34.7","23.2","27.2","27.1","4.4","3.7","0352"
"15767",15766,"GM0053","Winsum","Gemeente","GM0053",".",13596,2915,656,348,0,4,"134","165","30","23.6","40.4","17.9","36.6","18.3","6.3","5.8","0053"
"15792",15791,"GM0294","Winterswijk","Gemeente","GM0294",".",28912,6334,2531,1713,175,443,"210","173","28.2","23.2","43.9","13.6","38.9","16.2","6.5","6","0294"
"15812",15811,"GM0873","Woensdrecht","Gemeente","GM0873",".",21837,5062,4120,737,38,76,"238","225","31.8","25.6","39.3","20","32.7","20.9","4.9","4.4","0873"
"15833",15832,"GM0632","Woerden","Gemeente","GM0632",".",51513,9130,3403,4013,1386,216,"577","257","36.2","28.4","34.9","25.2","29.3","29","4.7","4.1","0632"
"15873",15872,"GM1690","De Wolden","Gemeente","GM1690",".",23744,5409,717,400,3,8,"106","252","30.4","24.8","40.4","17.9","31","24.1","4.9","4.9","1690"
"15928",15927,"GM0880","Wormerland","Gemeente","GM0880",".",15820,3583,1029,1009,68,197,"410","224","33","27.2","37.1","21.4","32.5","23.9","4.6","4.1","0880"
"15946",15945,"GM0351","Woudenberg","Gemeente","GM0351",".",12701,2357,588,578,66,32,"348","276","33.4","25.6","37.9","23.1","25.8","27.4","3.4","2.9","0351"
"15960",15959,"GM0874","Woudrichem","Gemeente","GM0874",".",14539,2838,634,320,5,6,"294","242","32.7","25.8","38.7","20.9","29.3","25","4","3.7","0874"
"15984",15983,"GM0479","Zaanstad","Gemeente","GM0479",".",153679,27202,15375,31424,3973,11884,"2080","184","30.5","24.4","38.4","18.5","39.9","18.6","7.9","7.2","0479"
"16054",16053,"GM0297","Zaltbommel","Gemeente","GM0297",".",27728,4822,1746,1564,802,36,"348","234","32.3","24.9","40.6","21.2","30.6","24.9","5","4.7","0297"
"16086",16085,"GM0473","Zandvoort","Gemeente","GM0473",".",16899,4344,2288,1309,164,89,"526","263","34.5","28.8","39.8","20.5","42.7","20.1","8.8","8.4","0473"
"16110",16109,"GM0707","Zederik","Gemeente","GM0707",".",13842,2560,363,306,8,14,"188","253","32.8","25.5","38.2","22.2","27","29.3","3.7","3.7","0707"
"16142",16141,"GM0050","Zeewolde","Gemeente","GM0050",".",22457,2600,2754,1358,85,64,"91","231","32.9","25.7","38.1","22.1","33.5","24.7","6.2","5","0050"
"16155",16154,"GM0355","Zeist","Gemeente","GM0355",".",62830,12832,6108,8595,3671,565,"1295","298","41","32","36.2","26.1","40.3","25.7","8.3","7","0355"
"16196",16195,"GM0299","Zevenaar","Gemeente","GM0299",".",32379,7639,3286,1534,42,542,"608","183","29.4","24.1","40","16.3","37.6","16.4","6.4","5.7","0299"
"16228",16227,"GM0637","Zoetermeer","Gemeente","GM0637",".",124763,21438,13479,24644,2267,1274,"3616","191","33.2","26.4","35.7","23","35.2","21.4","7.3","6.6","0637"
"16264",16263,"GM0638","Zoeterwoude","Gemeente","GM0638",".",8367,1665,535,454,36,53,"394","271","34.6","28","35.4","23.2","25.1","30.2","3.3","2.9","0638"
"16292",16291,"GM0056","Zuidhorn","Gemeente","GM0056",".",18859,3638,838,494,4,10,"150","187","31.1","23.9","37.9","20.2","29.7","22.4","4.4","3.8","0056"
"16317",16316,"GM1892","Zuidplas","Gemeente","GM1892",".",41468,7283,3225,3169,906,88,"695","228","35.7","28.1","36.6","25.4","28.5","29.6","4.9","4.4","1892"
"16375",16374,"GM0879","Zundert","Gemeente","GM0879",".",21657,4507,2896,662,218,25,"179","280","30.6","25.6","41.4","18.5","34.8","23.9","5.6","5.1","0879"
"16392",16391,"GM0301","Zutphen","Gemeente","GM0301",".",47340,9480,4045,4096,307,1480,"1156","181","29.2","23.5","41.6","17.2","42.3","16","9.8","7.7","0301"
"16430",16429,"GM1896","Zwartewaterland","Gemeente","GM1896",".",22309,3592,704,477,12,16,"270","195","29.8","22.5","42.6","17.7","29.4","21.8","4.2","4.1","1896"
"16471",16470,"GM0642","Zwijndrecht","Gemeente","GM0642",".",44417,9760,3422,5971,975,1405,"2183","172","31.5","25.1","39.4","19.5","38.7","18.4","6.5","6.3","0642"
"16573",16572,"GM0193","Zwolle","Gemeente","GM0193",".",125548,18782,8369,12190,727,2509,"1128","207","31.5","24.9","38.2","20","41.9","18.5","8.7","7.1","0193"
